Workbook

Sheet Summary
A1: Satoshi Stop Loss - Execution Liquidity Model
A2: Assumption-based model for fast execution using a dedicated capital pool equal to 3% of insured value.
A4: Key outputs | C4: Notes
A5: Capital pool as % of insured value | B5: =Assumptions!B6 | C5: Editable in Assumptions sheet
A6: BTC share of insured value | B6: =Assumptions!B5 | C6: Used to convert insured value into BTC-exposed notional
A7: Effective executable depth at 25 bps | B7: ='Venue Depth'!C13 | C7: Aggregate visible depth after participation, haircut, and market multiplier
A8: Effective executable depth at 50 bps | B8: ='Venue Depth'!D13 | C8: Base fast-sweep capacity before residual warehousing
A9: Effective executable depth at 100 bps | B9: ='Venue Depth'!E13 | C9: Upper end of immediate sweep used in this model
A11: Max insured value supported at 50 bps + pool | B11: ='Venue Depth'!D13/(Assumptions!B5-Assumptions!B6) | C11: Solves insured * BTC share <= depth + insured * pool %
A12: Max insured value supported at 100 bps + pool | B12: ='Venue Depth'!E13/(Assumptions!B5-Assumptions!B6) | C12: Useful rough upper bound for the 'fast as possible' design
A14: Illustrative example
A15: Insured value | B15: 200000000
A16: BTC-exposed notional | B16: =B15*Assumptions!B5
A17: Capital pool | B17: =B15*Assumptions!B6
A18: Modeled market impact | B18: =IF(B16<=0,0,IF(B16<='Venue Depth'!B13,0.001*B16/'Venue Depth'!B13,IF(B16<='Venue Depth'!C13,0.001+(0.0025-0.001)*(B16-'Venue Depth'!B13)/('Venue Depth'!C13-'Venue Depth'!B13),IF(B16<='Venue Depth'!D13,0.0025+(0.005-0.0025)*(B16-'Venue Depth'!C13)/('Venue Depth'!D13-'Venue Depth'!C13),IF(B16<='Venue Depth'!E13,0.005+(0.01-0.005)*(B16-'Venue Depth'!D13)/('Venue Depth'!E13-'Venue Depth'!D13),0.01+(Assumptions!B10*0.01)*((B16-'Venue Depth'!E13)/'Venue Depth'!E13))))))
A19: Modeled slippage cost | B19: =B16*B18
A20: Pool / slippage coverage ratio | B20: =IF(B19=0,0,B17/B19)
A21: Residual beyond 100 bps depth | B21: =MAX(B16-'Venue Depth'!E12,0)
A22: Residual uncovered after pool | B22: =MAX(B21-B17,0)
A23: Execution readout | B23: =IF(AND(B20>=1,B22=0),"Fast-executable under model","Constrained under model")

Sheet Assumptions
A1: Assumptions
A2: Update the inputs in column B to change the model.
A4: Input | B4: Value | C4: Comment
A5: BTC share of insured value | B5: 0.6 | C5: Share of insured value assumed to require BTC liquidation or hedge capacity
A6: Dedicated capital pool (% of insured value) | B6: 0.03 | C6: Fixed at 3% for this prototype
A7: Participation rate of visible liquidity | B7: 0.65 | C7: How much of quoted depth the protocol can realistically take in a fast sweep
A8: Venue reliability haircut | B8: 0.8 | C8: Haircut for stale quotes, fragmentation, and venue constraints
A9: Market stress multiplier | B9: 1 | C9: Set below 100% to model thinner books during shock conditions
A10: Extra impact beyond 100 bps depth | B10: 0.75 | C10: Each extra 1x of 100 bps depth adds another 75 bps of impact
A12: Interpretation notes
A13: All venue depths in this workbook are illustrative placeholders, not live snapshots.
A14: Effective depth = raw venue depth x participation rate x venue reliability haircut x market stress multiplier.
A15: The fast-executable ceiling at a given depth solves insured x BTC share <= effective depth + insured x pool %.
A16: The slippage model interpolates between 10, 25, 50, and 100 bps depth points, then extrapolates beyond 100 bps.

Sheet Venue Depth
A1: Venue Depth Assumptions
A2: Illustrative raw depth in USD notional available to hit immediately across major venues.
A4: Venue | B4: 10 bps raw | C4: 25 bps raw | D4: 50 bps raw | E4: 100 bps raw
A5: Binance | B5: 15000000 | C5: 30000000 | D5: 55000000 | E5: 95000000
A6: Coinbase | B6: 6000000 | C6: 14000000 | D6: 28000000 | E6: 50000000
A7: Bybit | B7: 5000000 | C7: 12000000 | D7: 24000000 | E7: 42000000
A8: OKX | B8: 4000000 | C8: 10000000 | D8: 20000000 | E8: 36000000
A9: Kraken | B9: 2000000 | C9: 5000000 | D9: 10000000 | E9: 18000000
A10: Bitstamp | B10: 1000000 | C10: 2500000 | D10: 5000000 | E10: 9000000
A12: Total raw depth | B12: =SUM(B5:B10) | C12: =SUM(C5:C10) | D12: =SUM(D5:D10) | E12: =SUM(E5:E10)
A13: Effective total depth | B13: =B12*Assumptions!B7*Assumptions!B8*Assumptions!B9 | C13: =C12*Assumptions!B7*Assumptions!B8*Assumptions!B9 | D13: =D12*Assumptions!B7*Assumptions!B8*Assumptions!B9 | E13: =E12*Assumptions!B7*Assumptions!B8*Assumptions!B9
A15: Implied max insured value at depth + pool
A16: Using 10 bps depth | B16: =B13/(Assumptions!B5-Assumptions!B6)
A17: Using 25 bps depth | B17: =C13/(Assumptions!B5-Assumptions!B6)
A18: Using 50 bps depth | B18: =D13/(Assumptions!B5-Assumptions!B6)
A19: Using 100 bps depth | B19: =E13/(Assumptions!B5-Assumptions!B6)

Sheet Scenarios
A1: Scenario Table
A2: Each row estimates what immediate execution looks like if the protocol tries to move as fast as possible using exchange depth plus the 3% capital pool.
A4: Scenario | B4: Insured value | C4: BTC exposed | D4: Capital pool | E4: Impact % | F4: Impact bps | G4: Slippage $ | H4: Pool / slippage | I4: Residual >100bps | J4: Pool used | K4: Residual uncovered | L4: Readout
A5: Pilot | B5: 25000000 | C5: =B5*Assumptions!B5 | D5: =B5*Assumptions!B6 | E5: =IF(C5<=0,0,IF(C5<='Venue Depth'!B13,0.001*C5/'Venue Depth'!B13,IF(C5<='Venue Depth'!C13,0.001+(0.0025-0.001)*(C5-'Venue Depth'!B13)/('Venue Depth'!C13-'Venue Depth'!B13),IF(C5<='Venue Depth'!D13,0.0025+(0.005-0.0025)*(C5-'Venue Depth'!C13)/('Venue Depth'!D13-'Venue Depth'!C13),IF(C5<='Venue Depth'!E13,0.005+(0.01-0.005)*(C5-'Venue Depth'!D13)/('Venue Depth'!E13-'Venue Depth'!D13),0.01+(Assumptions!B10*0.01)*((C5-'Venue Depth'!E13)/'Venue Depth'!E13)))))) | F5: =E5*10000 | G5: =C5*E5 | H5: =IF(G5=0,0,D5/G5) | I5: =MAX(C5-'Venue Depth'!E13,0) | J5: =MIN(D5,I5) | K5: =MAX(I5-J5,0) | L5: =IF(AND(H5>=1,K5=0),"Fast-executable","Constrained")
A6: Small | B6: 50000000 | C6: =B6*Assumptions!B5 | D6: =B6*Assumptions!B6 | E6: =IF(C6<=0,0,IF(C6<='Venue Depth'!B13,0.001*C6/'Venue Depth'!B13,IF(C6<='Venue Depth'!C13,0.001+(0.0025-0.001)*(C6-'Venue Depth'!B13)/('Venue Depth'!C13-'Venue Depth'!B13),IF(C6<='Venue Depth'!D13,0.0025+(0.005-0.0025)*(C6-'Venue Depth'!C13)/('Venue Depth'!D13-'Venue Depth'!C13),IF(C6<='Venue Depth'!E13,0.005+(0.01-0.005)*(C6-'Venue Depth'!D13)/('Venue Depth'!E13-'Venue Depth'!D13),0.01+(Assumptions!B10*0.01)*((C6-'Venue Depth'!E13)/'Venue Depth'!E13)))))) | F6: =E6*10000 | G6: =C6*E6 | H6: =IF(G6=0,0,D6/G6) | I6: =MAX(C6-'Venue Depth'!E13,0) | J6: =MIN(D6,I6) | K6: =MAX(I6-J6,0) | L6: =IF(AND(H6>=1,K6=0),"Fast-executable","Constrained")
A7: Launch | B7: 100000000 | C7: =B7*Assumptions!B5 | D7: =B7*Assumptions!B6 | E7: =IF(C7<=0,0,IF(C7<='Venue Depth'!B13,0.001*C7/'Venue Depth'!B13,IF(C7<='Venue Depth'!C13,0.001+(0.0025-0.001)*(C7-'Venue Depth'!B13)/('Venue Depth'!C13-'Venue Depth'!B13),IF(C7<='Venue Depth'!D13,0.0025+(0.005-0.0025)*(C7-'Venue Depth'!C13)/('Venue Depth'!D13-'Venue Depth'!C13),IF(C7<='Venue Depth'!E13,0.005+(0.01-0.005)*(C7-'Venue Depth'!D13)/('Venue Depth'!E13-'Venue Depth'!D13),0.01+(Assumptions!B10*0.01)*((C7-'Venue Depth'!E13)/'Venue Depth'!E13)))))) | F7: =E7*10000 | G7: =C7*E7 | H7: =IF(G7=0,0,D7/G7) | I7: =MAX(C7-'Venue Depth'!E13,0) | J7: =MIN(D7,I7) | K7: =MAX(I7-J7,0) | L7: =IF(AND(H7>=1,K7=0),"Fast-executable","Constrained")
A8: Scaled | B8: 150000000 | C8: =B8*Assumptions!B5 | D8: =B8*Assumptions!B6 | E8: =IF(C8<=0,0,IF(C8<='Venue Depth'!B13,0.001*C8/'Venue Depth'!B13,IF(C8<='Venue Depth'!C13,0.001+(0.0025-0.001)*(C8-'Venue Depth'!B13)/('Venue Depth'!C13-'Venue Depth'!B13),IF(C8<='Venue Depth'!D13,0.0025+(0.005-0.0025)*(C8-'Venue Depth'!C13)/('Venue Depth'!D13-'Venue Depth'!C13),IF(C8<='Venue Depth'!E13,0.005+(0.01-0.005)*(C8-'Venue Depth'!D13)/('Venue Depth'!E13-'Venue Depth'!D13),0.01+(Assumptions!B10*0.01)*((C8-'Venue Depth'!E13)/'Venue Depth'!E13)))))) | F8: =E8*10000 | G8: =C8*E8 | H8: =IF(G8=0,0,D8/G8) | I8: =MAX(C8-'Venue Depth'!E13,0) | J8: =MIN(D8,I8) | K8: =MAX(I8-J8,0) | L8: =IF(AND(H8>=1,K8=0),"Fast-executable","Constrained")
A9: Upper base range | B9: 200000000 | C9: =B9*Assumptions!B5 | D9: =B9*Assumptions!B6 | E9: =IF(C9<=0,0,IF(C9<='Venue Depth'!B13,0.001*C9/'Venue Depth'!B13,IF(C9<='Venue Depth'!C13,0.001+(0.0025-0.001)*(C9-'Venue Depth'!B13)/('Venue Depth'!C13-'Venue Depth'!B13),IF(C9<='Venue Depth'!D13,0.0025+(0.005-0.0025)*(C9-'Venue Depth'!C13)/('Venue Depth'!D13-'Venue Depth'!C13),IF(C9<='Venue Depth'!E13,0.005+(0.01-0.005)*(C9-'Venue Depth'!D13)/('Venue Depth'!E13-'Venue Depth'!D13),0.01+(Assumptions!B10*0.01)*((C9-'Venue Depth'!E13)/'Venue Depth'!E13)))))) | F9: =E9*10000 | G9: =C9*E9 | H9: =IF(G9=0,0,D9/G9) | I9: =MAX(C9-'Venue Depth'!E13,0) | J9: =MIN(D9,I9) | K9: =MAX(I9-J9,0) | L9: =IF(AND(H9>=1,K9=0),"Fast-executable","Constrained")
A10: Stress edge | B10: 250000000 | C10: =B10*Assumptions!B5 | D10: =B10*Assumptions!B6 | E10: =IF(C10<=0,0,IF(C10<='Venue Depth'!B13,0.001*C10/'Venue Depth'!B13,IF(C10<='Venue Depth'!C13,0.001+(0.0025-0.001)*(C10-'Venue Depth'!B13)/('Venue Depth'!C13-'Venue Depth'!B13),IF(C10<='Venue Depth'!D13,0.0025+(0.005-0.0025)*(C10-'Venue Depth'!C13)/('Venue Depth'!D13-'Venue Depth'!C13),IF(C10<='Venue Depth'!E13,0.005+(0.01-0.005)*(C10-'Venue Depth'!D13)/('Venue Depth'!E13-'Venue Depth'!D13),0.01+(Assumptions!B10*0.01)*((C10-'Venue Depth'!E13)/'Venue Depth'!E13)))))) | F10: =E10*10000 | G10: =C10*E10 | H10: =IF(G10=0,0,D10/G10) | I10: =MAX(C10-'Venue Depth'!E13,0) | J10: =MIN(D10,I10) | K10: =MAX(I10-J10,0) | L10: =IF(AND(H10>=1,K10=0),"Fast-executable","Constrained")
A11: Large | B11: 500000000 | C11: =B11*Assumptions!B5 | D11: =B11*Assumptions!B6 | E11: =IF(C11<=0,0,IF(C11<='Venue Depth'!B13,0.001*C11/'Venue Depth'!B13,IF(C11<='Venue Depth'!C13,0.001+(0.0025-0.001)*(C11-'Venue Depth'!B13)/('Venue Depth'!C13-'Venue Depth'!B13),IF(C11<='Venue Depth'!D13,0.0025+(0.005-0.0025)*(C11-'Venue Depth'!C13)/('Venue Depth'!D13-'Venue Depth'!C13),IF(C11<='Venue Depth'!E13,0.005+(0.01-0.005)*(C11-'Venue Depth'!D13)/('Venue Depth'!E13-'Venue Depth'!D13),0.01+(Assumptions!B10*0.01)*((C11-'Venue Depth'!E13)/'Venue Depth'!E13)))))) | F11: =E11*10000 | G11: =C11*E11 | H11: =IF(G11=0,0,D11/G11) | I11: =MAX(C11-'Venue Depth'!E13,0) | J11: =MIN(D11,I11) | K11: =MAX(I11-J11,0) | L11: =IF(AND(H11>=1,K11=0),"Fast-executable","Constrained")
A12: Very large | B12: 1000000000 | C12: =B12*Assumptions!B5 | D12: =B12*Assumptions!B6 | E12: =IF(C12<=0,0,IF(C12<='Venue Depth'!B13,0.001*C12/'Venue Depth'!B13,IF(C12<='Venue Depth'!C13,0.001+(0.0025-0.001)*(C12-'Venue Depth'!B13)/('Venue Depth'!C13-'Venue Depth'!B13),IF(C12<='Venue Depth'!D13,0.0025+(0.005-0.0025)*(C12-'Venue Depth'!C13)/('Venue Depth'!D13-'Venue Depth'!C13),IF(C12<='Venue Depth'!E13,0.005+(0.01-0.005)*(C12-'Venue Depth'!D13)/('Venue Depth'!E13-'Venue Depth'!D13),0.01+(Assumptions!B10*0.01)*((C12-'Venue Depth'!E13)/'Venue Depth'!E13)))))) | F12: =E12*10000 | G12: =C12*E12 | H12: =IF(G12=0,0,D12/G12) | I12: =MAX(C12-'Venue Depth'!E13,0) | J12: =MIN(D12,I12) | K12: =MAX(I12-J12,0) | L12: =IF(AND(H12>=1,K12=0),"Fast-executable","Constrained")
A14: Reading the table
A15: Fast-executable means the modeled slippage cost fits inside the 3% pool and any residual beyond 100 bps depth can be warehoused by that same pool.
A16: Constrained means the design would need slower execution, deeper external liquidity, derivatives hedging, or a larger dedicated capital pool.
